{"info":{"_postman_id":"1032725e-047c-4be7-98e1-11fed3ee0a69","name":"Company","schema":"https://schema.getpostman.com/json/collection/v2.1.0/collection.json"},"item":[{"name":"Get all companies","id":"e856a318-7ce6-43e0-bcb9-35593740025c","protocolProfileBehavior":{"disableBodyPruning":true},"request":{"method":"GET","header":[],"url":{"raw":"{{base_url}}/company/getAll","host":["{{base_url}}"],"path":["company","getAll"]}},"response":[]},{"name":"Change company representative","id":"e36db4ca-d505-404e-9118-8d082cf1a3e1","protocolProfileBehavior":{"disableBodyPruning":true},"request":{"method":"GET","header":[],"body":{"mode":"raw","raw":"{\n    \"id\": 1,\n    \"name\": \"Test Company 1\",\n    \"representative\": \"XY\",\n    \"taxId\": \"11111111111\",\n    \"companyRegistrationNumber\": \"123123\",\n    \"headquartersAddress\": \"Berlin xzy 2\"\n}","options":{"raw":{"language":"json"}}},"url":{"raw":"{{base_url}}/company/modify","host":["{{base_url}}"],"path":["company","modify"],"query":[{"key":"","value":"","disabled":true}]}},"response":[]},{"name":"Create company","id":"541ac233-7ba5-4192-8fbe-6b8508c2aba2","protocolProfileBehavior":{"disableBodyPruning":true},"request":{"method":"GET","header":[],"body":{"mode":"raw","raw":"{\n    \"id\": 0,\n    \"name\": \"Test Company 4\",\n    \"representative\": \"XYZ\",\n    \"taxId\": \"44444444444\",\n    \"companyRegistrationNumber\": \"544544\",\n    \"headquartersAddress\": \"Berlin xzy 56\"\n}","options":{"raw":{"language":"json"}}},"url":{"raw":"{{base_url}}/company/create","host":["{{base_url}}"],"path":["company","create"]}},"response":[]},{"name":"Delete company","id":"b0a2f402-b5c9-4af0-8aa3-a2978ca974ba","protocolProfileBehavior":{"disableBodyPruning":true},"request":{"method":"GET","header":[],"url":{"raw":"{{base_url}}/company/delete/1","host":["{{base_url}}"],"path":["company","delete","1"]}},"response":[]},{"name":"Get company by id","id":"1622bdb3-64b4-4fda-8803-52b0f1f5229c","protocolProfileBehavior":{"disableBodyPruning":true},"request":{"method":"GET","header":[],"url":{"raw":"{{base_url}}/company/2","host":["{{base_url}}"],"path":["company","2"]}},"response":[]}]}