{"info":{"_postman_id":"29c953e6-03f4-4d3e-ad0f-69eb87428274","name":"Machine type","schema":"https://schema.getpostman.com/json/collection/v2.1.0/collection.json"},"item":[{"name":"Get all machine types","id":"215e54ec-2145-4946-ba2e-65d391d83c2a","protocolProfileBehavior":{"disableBodyPruning":true},"request":{"method":"GET","header":[],"url":{"raw":"{{base_url}}/machineType/getAll","host":["{{base_url}}"],"path":["machineType","getAll"]}},"response":[]},{"name":"Change machine type name","id":"03b0e8b6-4c8c-449a-b91e-d485180769e5","protocolProfileBehavior":{"disableBodyPruning":true},"request":{"method":"GET","header":[],"body":{"mode":"raw","raw":"{\n    \"id\": 1,\n    \"name\": \"Solder\"\n}","options":{"raw":{"language":"json"}}},"url":{"raw":"{{base_url}}/machineType/modify","host":["{{base_url}}"],"path":["machineType","modify"],"query":[{"key":"","value":"","disabled":true}]}},"response":[]},{"name":"Create machine type","id":"fb3c2888-27d1-43d3-b696-9dd5c0f96750","protocolProfileBehavior":{"disableBodyPruning":true},"request":{"method":"GET","header":[],"body":{"mode":"raw","raw":"{\n    \"id\": 0,\n    \"name\": \"Bench Drill\"\n}","options":{"raw":{"language":"json"}}},"url":{"raw":"{{base_url}}/machineType/create","host":["{{base_url}}"],"path":["machineType","create"]}},"response":[]},{"name":"Delete machine type","id":"dc24bb17-7b5a-4cb5-b2f9-8876d750d5ac","protocolProfileBehavior":{"disableBodyPruning":true},"request":{"method":"GET","header":[],"url":{"raw":"{{base_url}}/machineType/delete/1","host":["{{base_url}}"],"path":["machineType","delete","1"]}},"response":[]},{"name":"Get machine type by id","id":"70bda80a-29de-4df7-a066-e0309dd07236","protocolProfileBehavior":{"disableBodyPruning":true},"request":{"method":"GET","header":[],"url":{"raw":"{{base_url}}/machineType/2","host":["{{base_url}}"],"path":["machineType","2"]}},"response":[]}]}