{"info":{"_postman_id":"765d5485-0a06-45c5-b90c-4cb8a3605f00","name":"Machine","schema":"https://schema.getpostman.com/json/collection/v2.1.0/collection.json"},"item":[{"name":"Get all machines","id":"aaf9c6db-dd07-4a0b-866b-0bb33dc38129","protocolProfileBehavior":{"disableBodyPruning":true},"request":{"method":"GET","header":[],"url":{"raw":"{{base_url}}/machine/getAll","host":["{{base_url}}"],"path":["machine","getAll"]}},"response":[]},{"name":"Change machine name","id":"c4c37684-2044-4910-bcef-c1994c7de0fc","protocolProfileBehavior":{"disableBodyPruning":true},"request":{"method":"GET","header":[],"body":{"mode":"raw","raw":"{\n    \"id\": 1,\n    \"brandId\": 1,\n    \"name\": \"NotATest tool\",\n    \"machineTypeId\": 1,\n    \"powerOutput\": 100,\n    \"weight\": 12.1,\n    \"rentalPrice\": 5000,\n    \"safetyDeposit\": 15000\n}","options":{"raw":{"language":"json"}}},"url":{"raw":"{{base_url}}/machine/modify","host":["{{base_url}}"],"path":["machine","modify"],"query":[{"key":"","value":"","disabled":true}]}},"response":[]},{"name":"Create machine","id":"3ecda2dd-739b-440b-95e3-50dab33fb093","protocolProfileBehavior":{"disableBodyPruning":true},"request":{"method":"GET","header":[],"body":{"mode":"raw","raw":"{\n    \"id\": 0,\n    \"brandId\": 2,\n    \"name\": \"NotATest tool2\",\n    \"machineTypeId\": 1,\n    \"powerOutput\": 125,\n    \"weight\": 11,\n    \"rentalPrice\": 6000,\n    \"safetyDeposit\": 15000\n}","options":{"raw":{"language":"json"}}},"url":{"raw":"{{base_url}}/machine/create","host":["{{base_url}}"],"path":["machine","create"]}},"response":[]},{"name":"Delete machine","id":"0d4a553c-52cf-4e3c-b250-29c5b222fb32","protocolProfileBehavior":{"disableBodyPruning":true},"request":{"method":"GET","header":[],"url":{"raw":"{{base_url}}/machine/delete/1","host":["{{base_url}}"],"path":["machine","delete","1"]}},"response":[]},{"name":"Get machine by id","id":"711cb7e2-a908-4b38-8fba-576380ac0970","protocolProfileBehavior":{"disableBodyPruning":true},"request":{"method":"GET","header":[],"url":{"raw":"{{base_url}}/machine/2","host":["{{base_url}}"],"path":["machine","2"]}},"response":[]}]}