{"info":{"_postman_id":"78c310f1-c2f0-4755-9a0d-ffaffbdf1c7c","name":"Transactions","schema":"https://schema.getpostman.com/json/collection/v2.1.0/collection.json"},"item":[{"name":"Get all transaction","id":"44fd916f-9b8a-42c7-9b2a-eba13090cbcc","protocolProfileBehavior":{"disableBodyPruning":true},"request":{"method":"GET","header":[],"url":{"raw":"{{base_url}}/transaction/getAll","host":["{{base_url}}"],"path":["transaction","getAll"]}},"response":[]},{"name":"Get all transactions for company","id":"35c44038-1856-40b0-af21-ccc4c2fd94ce","protocolProfileBehavior":{"disableBodyPruning":true},"request":{"method":"GET","header":[],"url":{"raw":"{{base_url}}/transaction/getAll/1","host":["{{base_url}}"],"path":["transaction","getAll","1"]}},"response":[]},{"name":"Change transaction value","id":"c2db51ca-4236-4575-afd9-9b29318a7a26","protocolProfileBehavior":{"disableBodyPruning":true},"request":{"method":"GET","header":[],"body":{"mode":"raw","raw":"{\n    \"id\": 1,\n    \"companyId\": 1,\n    \"value\": 30000,\n    \"timestamp\": \"2022-05-03T10:15:30\"\n}","options":{"raw":{"language":"json"}}},"url":{"raw":"{{base_url}}/transaction/modify","host":["{{base_url}}"],"path":["transaction","modify"],"query":[{"key":"","value":"","disabled":true}]}},"response":[]},{"name":"Create transaction","id":"fe779692-a72a-4c05-8e70-73dbba43a764","protocolProfileBehavior":{"disableBodyPruning":true},"request":{"method":"GET","header":[],"body":{"mode":"raw","raw":"{\n    \"id\": 0,\n    \"companyId\": 2,\n    \"value\": 66666,\n    \"timestamp\": \"2022-05-02T10:15:30\"\n}","options":{"raw":{"language":"json"}}},"url":{"raw":"{{base_url}}/transaction/create","host":["{{base_url}}"],"path":["transaction","create"]}},"response":[]},{"name":"Delete transaction","id":"a31b3151-e88b-4631-8ca2-335522dfbefe","protocolProfileBehavior":{"disableBodyPruning":true},"request":{"method":"GET","header":[],"url":{"raw":"{{base_url}}/transaction/delete/1","host":["{{base_url}}"],"path":["transaction","delete","1"]}},"response":[]},{"name":"Get transaction by id","id":"caf982a6-94a9-41ff-bc3c-870ed045c384","protocolProfileBehavior":{"disableBodyPruning":true},"request":{"method":"GET","header":[],"url":{"raw":"{{base_url}}/transaction/2","host":["{{base_url}}"],"path":["transaction","2"]}},"response":[]}]}