{"info":{"_postman_id":"95ab319a-a687-4c63-ae20-2a12efecace4","name":"machine-rental","schema":"https://schema.getpostman.com/json/collection/v2.1.0/collection.json"},"item":[{"name":"addMachine","id":"17cb2a13-43d5-4b34-9d5b-808393d460e4","protocolProfileBehavior":{"disableBodyPruning":true},"request":{"method":"GET","header":[]},"response":[]},{"name":"getMachineById","id":"408cde07-ac99-440d-9552-3527bb023383","protocolProfileBehavior":{"disableBodyPruning":true},"request":{"method":"GET","header":[]},"response":[]}]}