{"info":{"_postman_id":"97cc97e4-d337-457d-a499-133a95efffab","name":"ora3","schema":"https://schema.getpostman.com/json/collection/v2.1.0/collection.json"},"item":[{"name":"People","id":"187b1a57-82cf-4e0d-9d2a-32ec1de09d21","protocolProfileBehavior":{"disableBodyPruning":true},"request":{"method":"POST","header":[],"url":{"raw":"localhost:8080/people?name=Valami&age=0","host":["localhost"],"port":"8080","path":["people"],"query":[{"key":"name","value":"Valami","type":"text"},{"key":"age","value":"0","type":"text"}]}},"response":[]}]}