{"info":{"_postman_id":"9c8e9eab-24e6-4082-a24b-196702d5588d","name":"Rental","schema":"https://schema.getpostman.com/json/collection/v2.1.0/collection.json"},"item":[{"name":"Get all rentals","id":"8484184d-d06f-4280-bd6d-264ad5a7ed49","protocolProfileBehavior":{"disableBodyPruning":true},"request":{"method":"GET","header":[],"url":{"raw":"{{base_url}}/rental/getAll","host":["{{base_url}}"],"path":["rental","getAll"]}},"response":[]},{"name":"Get all rentals for company","id":"a1acb80c-61b2-4ff3-8d36-93ebb9941352","protocolProfileBehavior":{"disableBodyPruning":true},"request":{"method":"GET","header":[],"url":{"raw":"{{base_url}}/rental/getAll/1","host":["{{base_url}}"],"path":["rental","getAll","1"]}},"response":[]},{"name":"Change rental duration","id":"d2c8345f-3d9d-4a4b-8292-8fa9d4d98a9b","protocolProfileBehavior":{"disableBodyPruning":true},"request":{"method":"GET","header":[],"body":{"mode":"raw","raw":"{\n    \"id\": 1,\n    \"companyId\": 1,\n    \"machineId\": 1,\n    \"rentalStart\": \"2022-02-02\",\n    \"rentalEnd\": \"2022-03-03\"\n}","options":{"raw":{"language":"json"}}},"url":{"raw":"{{base_url}}/rental/modify","host":["{{base_url}}"],"path":["rental","modify"],"query":[{"key":"","value":"","disabled":true}]}},"response":[]},{"name":"Create rental","id":"e4253931-367f-4192-9f09-110393948313","protocolProfileBehavior":{"disableBodyPruning":true},"request":{"method":"GET","header":[],"body":{"mode":"raw","raw":"{\n    \"id\": 0,\n    \"companyId\": 1,\n    \"machineId\": 4,\n    \"rentalStart\": \"2022-01-01\",\n    \"rentalEnd\": \"2022-02-02\"\n}","options":{"raw":{"language":"json"}}},"url":{"raw":"{{base_url}}/rental/create","host":["{{base_url}}"],"path":["rental","create"]}},"response":[]},{"name":"Delete rental","id":"6e1172b5-8cac-4d10-8bc8-fe2b86c33456","protocolProfileBehavior":{"disableBodyPruning":true},"request":{"method":"GET","header":[],"url":{"raw":"{{base_url}}/rental/delete/1","host":["{{base_url}}"],"path":["rental","delete","1"]}},"response":[]},{"name":"Get rental by id","id":"16c1dc1c-42e2-4af4-ad47-c98c71c53161","protocolProfileBehavior":{"disableBodyPruning":true},"request":{"method":"GET","header":[],"url":{"raw":"{{base_url}}/rental/2","host":["{{base_url}}"],"path":["rental","2"]}},"response":[]}]}