{"info":{"_postman_id":"e6db4b47-28e3-4fc2-87c3-3fb79c95fb12","name":"Brand","schema":"https://schema.getpostman.com/json/collection/v2.1.0/collection.json"},"item":[{"name":"Get all brands","id":"885d3c5b-3605-455f-af7c-abc63e5aa95e","protocolProfileBehavior":{"disableBodyPruning":true},"request":{"method":"GET","header":[],"url":{"raw":"{{base_url}}/brand/getAll","host":["{{base_url}}"],"path":["brand","getAll"]}},"response":[]},{"name":"Change brand name","id":"eda5514b-8d76-4d07-a431-b4dd6f641054","protocolProfileBehavior":{"disableBodyPruning":true},"request":{"method":"GET","header":[],"body":{"mode":"raw","raw":"{\n    \"id\": 1,\n    \"name\": \"Milwaukee\"\n}","options":{"raw":{"language":"json"}}},"url":{"raw":"{{base_url}}/brand/modify","host":["{{base_url}}"],"path":["brand","modify"],"query":[{"key":"","value":"","disabled":true}]}},"response":[]},{"name":"Create brand","id":"9a6c1011-7d7d-4050-b6b5-4faf0f5b1289","protocolProfileBehavior":{"disableBodyPruning":true},"request":{"method":"GET","header":[],"body":{"mode":"raw","raw":"{\n    \"id\": 0,\n    \"name\": \"NewBrand\"\n}","options":{"raw":{"language":"json"}}},"url":{"raw":"{{base_url}}/brand/create","host":["{{base_url}}"],"path":["brand","create"]}},"response":[]},{"name":"Delete brand","id":"25fe0b7d-62bb-4371-8aaa-de09b1f2dc9a","protocolProfileBehavior":{"disableBodyPruning":true},"request":{"method":"GET","header":[],"url":{"raw":"{{base_url}}/brand/delete/1","host":["{{base_url}}"],"path":["brand","delete","1"]}},"response":[]},{"name":"Get brand by id","id":"3711b1a3-90e7-4256-8a0d-28fac5329d85","protocolProfileBehavior":{"disableBodyPruning":true},"request":{"method":"GET","header":[],"url":{"raw":"{{base_url}}/brand/2","host":["{{base_url}}"],"path":["brand","2"]}},"response":[]}]}